{
  "project_info": {
    "project_number": "198446419749",
    "project_id": "forumbase-27bc7",
    "storage_bucket": "forumbase-27bc7.appspot.com"
  },
  "client": [
    {
      "client_info": {
        "mobilesdk_app_id": "1:198446419749:android:5d9b0341678e350aae14cc",
        "android_client_info": {
          "package_name": "com.example.firebaseforum"
        }
      },
      "oauth_client": [
        {
          "client_id": "198446419749-oaoi4mfhmqjhbgi7p2cnqnab89kj39pd.apps.googleusercontent.com",
          "client_type": 3
        }
      ],
      "api_key": [
        {
          "current_key": "AIzaSyAQk3RemD8QwcIK9z2ZwNA55smE484dAHc"
        }
      ],
      "services": {
        "appinvite_service": {
          "other_platform_oauth_client": [
            {
              "client_id": "198446419749-oaoi4mfhmqjhbgi7p2cnqnab89kj39pd.apps.googleusercontent.com",
              "client_type": 3
            }
          ]
        }
      }
    }
  ],
  "configuration_version": "1"
}