{
  "project_info": {
    "project_number": "155688216220",
    "project_id": "projektio-6b3fa",
    "storage_bucket": "projektio-6b3fa.appspot.com"
  },
  "client": [
    {
      "client_info": {
        "mobilesdk_app_id": "1:155688216220:android:8c3c19d53833a173e3af59",
        "android_client_info": {
          "package_name": "com.example.labfirebase"
        }
      },
      "oauth_client": [
        {
          "client_id": "155688216220-do79opae1bu88fp0ctjoubm3tud8pq44.apps.googleusercontent.com",
          "client_type": 3
        }
      ],
      "api_key": [
        {
          "current_key": "AIzaSyAnPxarDHNF_8YR9-g94zAzLyr0P6bxjMs"
        }
      ],
      "services": {
        "appinvite_service": {
          "other_platform_oauth_client": [
            {
              "client_id": "155688216220-do79opae1bu88fp0ctjoubm3tud8pq44.apps.googleusercontent.com",
              "client_type": 3
            }
          ]
        }
      }
    }
  ],
  "configuration_version": "1"
}